CourseId,TextbookNo
CO1001,1900108020002
CO1001,1900108020007
CO1012,1900108020002
CO1012,1900108020003
CO1012,1900108020004
CO1234,1900108020006
CO1234,1900108020007
CO2013,1900108020004
CO2013,1900108020005
CO2114,1900108020005
CO2114,1900108020007
CO2345,1900108020007
CO3333,1900108020006
CO9876,1900108020001
CO9876,1900108020002