Semester,CourseId,LecturerNo
191,CO1001,1026549
191,CO2013,1026551
192,CO1012,1026550
192,CO4321,1026552
192,CO1234,1026554
192,CO2013,1026553
192,CO2114,1026556
201,CO9876,1026558
201,CO2114,1026556
201,CO3333,1026555
201,CO2345,1026557
201,CO1001,1026549
