Semester,CourseId,TextbookNo
191,CO1001,1900108020007 
191,CO2013,1900108020004 
192,CO1012,1900108020002 
192,CO4321,1900108020004 
192,CO1234,1900108020006 
192,CO2013,1900108020005 
192,CO2114,1900108020005 
201,CO9876,1900108020001 
201,CO2114,1900108020004 
201,CO3333,1900108020006 
201,CO2345,1900108020007 
201,CO1001,1900108020007 
